{
  "products": [
    {
      "platform": "Amazon",
      "product_name": "Puma Footwear Model 1666",
      "brand_name": "Puma",
      "model_number": "PUM-706",
      "description": "Puma high-quality footwear with excellent durability and performance.",
      "sizes_available": [
        "7",
        "8",
        "9",
        "10",
        "11",
        "12"
      ],
      "color_options": [
        "Black",
        "Green"
      ],
      "material": "Mesh & Rubber",
      "estimated_delivery": "3-10 days",
      "in_stock": false,
      "category": "Fashion",
      "sub_category": "Footwear",
      "cost_inr": 3500
    },
    {
      "platform": "Amazon",
      "product_name": "Adidas Footwear Model 2966",
      "brand_name": "Adidas",
      "model_number": "ADI-437",
      "description": "Adidas high-quality footwear with excellent durability and performance.",
      "sizes_available": [
        "7",
        "8",
        "9",
        "10",
        "11",
        "12"
      ],
      "color_options": [
        "Grey",
        "Black",
        "Green"
      ],
      "material": "Mesh & Rubber",
      "estimated_delivery": "5-11 days",
      "in_stock": true,
      "category": "Fashion",
      "sub_category": "Footwear",
      "cost_inr": 6000
    },
    {
      "platform": "Amazon",
      "product_name": "Nike Footwear Model 5213",
      "brand_name": "Nike",
      "model_number": "NIK-550",
      "description": "Nike high-quality footwear with excellent durability and performance.",
      "sizes_available": [
        "7",
        "8",
        "9",
        "10",
        "11",
        "12"
      ],
      "color_options": [
        "Green",
        "Black"
      ],
      "material": "Mesh & Rubber",
      "estimated_delivery": "2-9 days",
      "in_stock": true,
      "category": "Fashion",
      "sub_category": "Footwear",
      "cost_inr": 7000
    },
    {
      "platform": "Amazon",
      "product_name": "Puma Footwear Model 6910",
      "brand_name": "Puma",
      "model_number": "PUM-732",
      "description": "Puma high-quality footwear with excellent durability and performance.",
      "sizes_available": [
        "7",
        "8",
        "9",
        "10",
        "11",
        "12"
      ],
      "color_options": [
        "Green",
        "White"
      ],
      "material": "Mesh & Rubber",
      "estimated_delivery": "3-11 days",
      "in_stock": true,
      "category": "Fashion",
      "sub_category": "Footwear",
      "cost_inr": 5500
    },
    {
      "platform": "Amazon",
      "product_name": "Nike Footwear Model 1221",
      "brand_name": "Nike",
      "model_number": "NIK-798",
      "description": "Nike high-quality footwear with excellent durability and performance.",
      "sizes_available": [
        "7",
        "8",
        "9",
        "10",
        "11",
        "12"
      ],
      "color_options": [
        "Grey"
      ],
      "material": "Mesh & Rubber",
      "estimated_delivery": "3-10 days",
      "in_stock": false,
      "category": "Fashion",
      "sub_category": "Footwear",
      "cost_inr": 4000
    },
    {
      "platform": "Amazon",
      "product_name": "Adidas Footwear Model 2395",
      "brand_name": "Adidas",
      "model_number": "ADI-765",
      "description": "Adidas high-quality footwear with excellent durability and performance.",
      "sizes_available": [
        "7",
        "8",
        "9",
        "10",
        "11",
        "12"
      ],
      "color_options": [
        "Red",
        "Black"
      ],
      "material": "Mesh & Rubber",
      "estimated_delivery": "2-12 days",
      "in_stock": true,
      "category": "Fashion",
      "sub_category": "Footwear",
      "cost_inr": 6500
    },
    {
      "platform": "Amazon",
      "product_name": "Boat Headsets Model 1234",
      "brand_name": "Boat",
      "model_number": "BOA-123",
      "description": "Boat high-quality headsets with excellent durability and performance.",
      "sizes_available": null,
      "color_options": [
        "Black",
        "Blue"
      ],
      "material": "Plastic & Foam",
      "estimated_delivery": "3-7 days",
      "in_stock": true,
      "category": "Electronics",
      "sub_category": "Headsets",
      "cost_inr": 2500
    },
    {
      "platform": "Flipkart",
      "product_name": "Boat Headsets Model 5678",
      "brand_name": "Boat",
      "model_number": "BOA-567",
      "description": "Boat high-quality headsets with excellent durability and performance.",
      "sizes_available": null,
      "color_options": [
        "Red",
        "White"
      ],
      "material": "Plastic & Foam",
      "estimated_delivery": "4-8 days",
      "in_stock": false,
      "category": "Electronics",
      "sub_category": "Headsets",
      "cost_inr": 3000
    },
    {
      "platform": "Flipkart",
      "product_name": "Boat Headsets Model 9012",
      "brand_name": "Boat",
      "model_number": "BOA-901",
      "description": "Boat high-quality headsets with excellent durability and performance.",
      "sizes_available": null,
      "color_options": [
        "Green",
        "Black"
      ],
      "material": "Plastic & Foam",
      "estimated_delivery": "5-9 days",
      "in_stock": true,
      "category": "Electronics",
      "sub_category": "Headsets",
      "cost_inr": 3500
    },
    {
      "platform": "Flipkart",
      "product_name": "Samsung Washing Machines Model 4321",
      "brand_name": "Samsung",
      "model_number": "SAM-432",
      "description": "Samsung high-quality washing machines with excellent durability and performance.",
      "sizes_available": null,
      "color_options": [
        "Silver",
        "White"
      ],
      "material": "Steel & Plastic",
      "estimated_delivery": "2-6 days",
      "in_stock": true,
      "category": "Home Appliances",
      "sub_category": "Washing Machines",
      "cost_inr": 30000
    },
    {
      "platform": "Flipkart",
      "product_name": "Samsung Washing Machines Model 8765",
      "brand_name": "Samsung",
      "model_number": "SAM-876",
      "description": "Samsung high-quality washing machines with excellent durability and performance.",
      "sizes_available": null,
      "color_options": [
        "Black",
        "Grey"
      ],
      "material": "Steel & Plastic",
      "estimated_delivery": "3-7 days",
      "in_stock": false,
      "category": "Home Appliances",
      "sub_category": "Washing Machines",
      "cost_inr": 28000
    },
    {
      "platform": "Flipkart",
      "product_name": "LG Washing Machines Model 3456",
      "brand_name": "LG",
      "model_number": "LG-345",
      "description": "LG high-quality washing machines with excellent durability and performance.",
      "sizes_available": null,
      "color_options": [
        "White",
        "Blue"
      ],
      "material": "Steel & Plastic",
      "estimated_delivery": "4-8 days",
      "in_stock": true,
      "category": "Home Appliances",
      "sub_category": "Washing Machines",
      "cost_inr": 26000
    },
    {
      "platform": "Flipkart",
      "product_name": "Whirlpool Refrigerators Model 7890",
      "brand_name": "Whirlpool",
      "model_number": "WHI-789",
      "description": "Whirlpool high-quality refrigerators with excellent durability and performance.",
      "sizes_available": null,
      "color_options": [
        "Silver",
        "Black"
      ],
      "material": "Metal & Plastic",
      "estimated_delivery": "3-7 days",
      "in_stock": true,
      "category": "Home Appliances",
      "sub_category": "Refrigerators",
      "cost_inr": 40000
    },
    {
      "platform": "Flipkart",
      "product_name": "Whirlpool Refrigerators Model 2345",
      "brand_name": "Whirlpool",
      "model_number": "WHI-234",
      "description": "Whirlpool high-quality refrigerators with excellent durability and performance.",
      "sizes_available": null,
      "color_options": [
        "White",
        "Grey"
      ],
      "material": "Metal & Plastic",
      "estimated_delivery": "4-8 days",
      "in_stock": false,
      "category": "Home Appliances",
      "sub_category": "Refrigerators",
      "cost_inr": 38000
    },
    {
      "platform": "Flipkart",
      "product_name": "Godrej Refrigerators Model 6789",
      "brand_name": "Godrej",
      "model_number": "GOD-678",
      "description": "Godrej high-quality refrigerators with excellent durability and performance.",
      "sizes_available": null,
      "color_options": [
        "Black",
        "Red"
      ],
      "material": "Metal & Plastic",
      "estimated_delivery": "5-9 days",
      "in_stock": true,
      "category": "Home Appliances",
      "sub_category": "Refrigerators",
      "cost_inr": 34000
    },
    {
      "platform": "Flipkart",
      "product_name": "Panasonic Microwaves Model 4567",
      "brand_name": "Panasonic",
      "model_number": "PAN-456",
      "description": "Panasonic high-quality microwaves with excellent durability and performance.",
      "sizes_available": null,
      "color_options": [
        "White",
        "Silver"
      ],
      "material": "Metal & Glass",
      "estimated_delivery": "2-6 days",
      "in_stock": true,
      "category": "Home Appliances",
      "sub_category": "Microwaves",
      "cost_inr": 16000
    },
    {
      "platform": "Flipkart",
      "product_name": "IFB Microwaves Model 8901",
      "brand_name": "IFB",
      "model_number": "IFB-890",
      "description": "IFB high-quality microwaves with excellent durability and performance.",
      "sizes_available": null,
      "color_options": [
        "Black",
        "White"
      ],
      "material": "Metal & Glass",
      "estimated_delivery": "3-7 days",
      "in_stock": false,
      "category": "Home Appliances",
      "sub_category": "Microwaves",
      "cost_inr": 18000
    },
    {
      "platform": "Flipkart",
      "product_name": "Samsung Microwaves Model 1234",
      "brand_name": "Samsung",
      "model_number": "SAM-123",
      "description": "Samsung high-quality microwaves with excellent durability and performance.",
      "sizes_available": null,
      "color_options": [
        "Grey",
        "Silver"
      ],
      "material": "Metal & Glass",
      "estimated_delivery": "4-8 days",
      "in_stock": true,
      "category": "Home Appliances",
      "sub_category": "Microwaves",
      "cost_inr": 17000
    },
    {
      "platform": "Flipkart",
      "product_name": "Wakefit Beds Model 3456",
      "brand_name": "Wakefit",
      "model_number": "WAK-345",
      "description": "Wakefit high-quality beds with excellent durability and performance.",
      "sizes_available": null,
      "color_options": [
        "Brown",
        "Black"
      ],
      "material": "Wood",
      "estimated_delivery": "5-9 days",
      "in_stock": true,
      "category": "Furniture",
      "sub_category": "Beds",
      "cost_inr": 28000
    },
    {
      "platform": "Flipkart",
      "product_name": "Durfi Beds Model 6789",
      "brand_name": "Durfi",
      "model_number": "DUR-678",
      "description": "Durfi high-quality beds with excellent durability and performance.",
      "sizes_available": null,
      "color_options": [
        "White",
        "Grey"
      ],
      "material": "Wood",
      "estimated_delivery": "3-7 days",
      "in_stock": false,
      "category": "Furniture",
      "sub_category": "Beds",
      "cost_inr": 26000
    },
    {
      "platform": "Flipkart",
      "product_name": "Sleepyhead Beds Model 9012",
      "brand_name": "Sleepyhead",
      "model_number": "SLE-901",
      "description": "Sleepyhead high-quality beds with excellent durability and performance.",
      "sizes_available": null,
      "color_options": [
        "Black",
        "Red"
      ],
      "material": "Wood",
      "estimated_delivery": "4-8 days",
      "in_stock": true,
      "category": "Furniture",
      "sub_category": "Beds",
      "cost_inr": 30000
    },
    {
      "platform": "Flipkart",
      "product_name": "Urban Ladder Sofas Model 5678",
      "brand_name": "Urban Ladder",
      "model_number": "URB-567",
      "description": "Urban Ladder high-quality sofas with excellent durability and performance.",
      "sizes_available": null,
      "color_options": [
        "Grey",
        "White"
      ],
      "material": "Fabric & Wood",
      "estimated_delivery": "5-9 days",
      "in_stock": true,
      "category": "Furniture",
      "sub_category": "Sofas",
      "cost_inr": 50000
    },
    {
      "platform": "Flipkart",
      "product_name": "Home Centre Sofas Model 2345",
      "brand_name": "Home Centre",
      "model_number": "HOM-234",
      "description": "Home Centre high-quality sofas with excellent durability and performance.",
      "sizes_available": null,
      "color_options": [
        "Black",
        "Blue"
      ],
      "material": "Fabric & Wood",
      "estimated_delivery": "3-7 days",
      "in_stock": false,
      "category": "Furniture",
      "sub_category": "Sofas",
      "cost_inr": 48000
    },
    {
      "platform": "Flipkart",
      "product_name": "Godrej Interio Sofas Model 8901",
      "brand_name": "Godrej Interio",
      "model_number": "GOD-890",
      "description": "Godrej Interio high-quality sofas with excellent durability and performance.",
      "sizes_available": null,
      "color_options": [
        "Red",
        "Green"
      ],
      "material": "Fabric & Wood",
      "estimated_delivery": "4-8 days",
      "in_stock": true,
      "category": "Furniture",
      "sub_category": "Sofas",
      "cost_inr": 52000
    },
    {
      "platform": "Flipkart",
      "product_name": "Durian Tables Model 1234",
      "brand_name": "Durian",
      "model_number": "DUR-123",
      "description": "Durian high-quality tables with excellent durability and performance.",
      "sizes_available": null,
      "color_options": [
        "White",
        "Black"
      ],
      "material": "Wood & Steel",
      "estimated_delivery": "5-9 days",
      "in_stock": true,
      "category": "Furniture",
      "sub_category": "Tables",
      "cost_inr": 18000
    },
    {
      "platform": "Flipkart",
      "product_name": "Nilkamal Tables Model 5678",
      "brand_name": "Nilkamal",
      "model_number": "NIL-567",
      "description": "Nilkamal high-quality tables with excellent durability and performance.",
      "sizes_available": null,
      "color_options": [
        "Grey",
        "Red"
      ],
      "material": "Wood & Steel",
      "estimated_delivery": "3-7 days",
      "in_stock": false,
      "category": "Furniture",
      "sub_category": "Tables",
      "cost_inr": 15000
    },
    {
      "platform": "Flipkart",
      "product_name": "IKEA Tables Model 9012",
      "brand_name": "IKEA",
      "model_number": "IKE-901",
      "description": "IKEA high-quality tables with excellent durability and performance.",
      "sizes_available": null,
      "color_options": [
        "Blue",
        "Green"
      ],
      "material": "Wood & Steel",
      "estimated_delivery": "4-8 days",
      "in_stock": true,
      "category": "Furniture",
      "sub_category": "Tables",
      "cost_inr": 20000
    },
    {
      "platform": "Flipkart",
      "product_name": "Milton Water Bottles Model 3456",
      "brand_name": "Milton",
      "model_number": "MIL-345",
      "description": "Milton high-quality water bottles with excellent durability and performance.",
      "sizes_available": [
        "500ml",
        "750ml",
        "1L"
      ],
      "color_options": [
        "Blue",
        "White"
      ],
      "material": "Plastic/Stainless Steel",
      "estimated_delivery": "5-9 days",
      "in_stock": true,
      "category": "Daily Use",
      "sub_category": "Water Bottles",
      "cost_inr": 1100
    },
    {
      "platform": "Flipkart",
      "product_name": "Cello Water Bottles Model 6789",
      "brand_name": "Cello",
      "model_number": "CEL-678",
      "description": "Cello high-quality water bottles with excellent durability and performance.",
      "sizes_available": [
        "500ml",
        "750ml",
        "1L"
      ],
      "color_options": [
        "Red",
        "Black"
      ],
      "material": "Plastic/Stainless Steel",
      "estimated_delivery": "3-7 days",
      "in_stock": false,
      "category": "Daily Use",
      "sub_category": "Water Bottles",
      "cost_inr": 900
    },
    {
      "platform": "Flipkart",
      "product_name": "Tupperware Water Bottles Model 9012",
      "brand_name": "Tupperware",
      "model_number": "TUP-901",
      "description": "Tupperware high-quality water bottles with excellent durability and performance.",
      "sizes_available": [
        "500ml",
        "750ml",
        "1L"
      ],
      "color_options": [
        "Green",
        "Silver"
      ],
      "material": "Plastic/Stainless Steel",
      "estimated_delivery": "4-8 days",
      "in_stock": true,
      "category": "Daily Use",
      "sub_category": "Water Bottles",
      "cost_inr": 1300
    },
    {
      "platform": "Flipkart",
      "product_name": "Prestige Cookers Model 2345",
      "brand_name": "Prestige",
      "model_number": "PRE-234",
      "description": "Prestige high-quality cookers with excellent durability and performance.",
      "sizes_available": [
        "2L",
        "3L",
        "5L"
      ],
      "color_options": [
        "Silver"
      ],
      "material": "Aluminum",
      "estimated_delivery": "5-9 days",
      "in_stock": true,
      "category": "Kitchen",
      "sub_category": "Cookers",
      "cost_inr": 2800
    },
    {
      "platform": "Flipkart",
      "product_name": "Hawkins Cookers Model 6789",
      "brand_name": "Hawkins",
      "model_number": "HAW-678",
      "description": "Hawkins high-quality cookers with excellent durability and performance.",
      "sizes_available": [
        "2L",
        "3L",
        "5L"
      ],
      "color_options": [
        "Silver"
      ],
      "material": "Aluminum",
      "estimated_delivery": "3-7 days",
      "in_stock": false,
      "category": "Kitchen",
      "sub_category": "Cookers",
      "cost_inr": 2200
    },
    {
      "platform": "Flipkart",
      "product_name": "Butterfly Cookers Model 9012",
      "brand_name": "Butterfly",
      "model_number": "BUT-901",
      "description": "Butterfly high-quality cookers with excellent durability and performance.",
      "sizes_available": [
        "2L",
        "3L",
        "5L"
      ],
      "color_options": [
        "Silver"
      ],
      "material": "Aluminum",
      "estimated_delivery": "4-8 days",
      "in_stock": true,
      "category": "Kitchen",
      "sub_category": "Cookers",
      "cost_inr": 2000
    },
    {
      "platform": "Flipkart",
      "product_name": "Syska Hair Dryers Model 1234",
      "brand_name": "Syska",
      "model_number": "SYS-123",
      "description": "Syska high-quality hair dryers with excellent durability and performance.",
      "sizes_available": null,
      "color_options": [
        "White",
        "Blue"
      ],
      "material": "Plastic",
      "estimated_delivery": "5-9 days",
      "in_stock": true,
      "category": "Personal Care",
      "sub_category": "Hair Dryers",
      "cost_inr": 1600
    },
    {
      "platform": "Flipkart",
      "product_name": "Nova Hair Dryers Model 5678",
      "brand_name": "Nova",
      "model_number": "NOV-567",
      "description": "Nova high-quality hair dryers with excellent durability and performance.",
      "sizes_available": null,
      "color_options": [
        "Black",
        "Red"
      ],
      "material": "Plastic",
      "estimated_delivery": "3-7 days",
      "in_stock": false,
      "category": "Personal Care",
      "sub_category": "Hair Dryers",
      "cost_inr": 1300
    },
{

      "platform": "Myntra",
      "product_name": "Levi's Slim Fit Jeans",
      "brand_name": "Levi's",
      "model_number": "LEV-501",
      "description": "High-quality slim fit jeans with excellent durability and style.",
      "sizes_available": ["28", "30", "32", "34", "36"],
      "color_options": ["Blue", "Black"],
      "material": "Cotton",
      "estimated_delivery": "2-5 days",
      "in_stock": true,
      "category": "Fashion",
      "sub_category": "Clothing",
      "cost_inr": 3500
    },
    {
      "platform": "Myntra",
      "product_name": "Nike Air Zoom Shoes",
      "brand_name": "Nike",
      "model_number": "NIK-102",
      "description": "Premium running shoes with advanced cushioning.",
      "sizes_available": ["7", "8", "9", "10", "11"],
      "color_options": ["White", "Black"],
      "material": "Mesh & Rubber",
      "estimated_delivery": "3-6 days",
      "in_stock": true,
      "category": "Fashion",
      "sub_category": "Footwear",
      "cost_inr": 7500
    },
    {
      "platform": "Myntra",
      "product_name": "Zara Casual T-Shirt",
      "brand_name": "Zara",
      "model_number": "ZAR-304",
      "description": "Trendy casual t-shirt with a modern fit.",
      "sizes_available": ["S", "M", "L", "XL"],
      "color_options": ["Grey", "White"],
      "material": "Cotton",
      "estimated_delivery": "2-6 days",
      "in_stock": true,
      "category": "Fashion",
      "sub_category": "Clothing",
      "cost_inr": 1200
    },
    {
      "platform": "Myntra",
      "product_name": "Adidas Running Shoes",
      "brand_name": "Adidas",
      "model_number": "ADI-405",
      "description": "Lightweight running shoes with superior support.",
      "sizes_available": ["7", "8", "9", "10", "11"],
      "color_options": ["Black", "Red"],
      "material": "Mesh & Rubber",
      "estimated_delivery": "3-7 days",
      "in_stock": false,
      "category": "Fashion",
      "sub_category": "Footwear",
      "cost_inr": 6500
    },
    {
      "platform": "Myntra",
      "product_name": "H&M Graphic Tee",
      "brand_name": "H&M",
      "model_number": "HM-506",
      "description": "Comfortable graphic tee with vibrant prints.",
      "sizes_available": ["S", "M", "L", "XL"],
      "color_options": ["Blue", "Black"],
      "material": "Cotton",
      "estimated_delivery": "2-5 days",
      "in_stock": true,
      "category": "Fashion",
      "sub_category": "Clothing",
      "cost_inr": 1000
    },
    {
      "platform": "Myntra",
      "product_name": "Puma Future Rider",
      "brand_name": "Puma",
      "model_number": "PUM-607",
      "description": "Stylish sneakers with retro design.",
      "sizes_available": ["7", "8", "9", "10", "11"],
      "color_options": ["White", "Green"],
      "material": "Mesh & Rubber",
      "estimated_delivery": "3-6 days",
      "in_stock": true,
      "category": "Fashion",
      "sub_category": "Footwear",
      "cost_inr": 5500
    },
    {
      "platform": "Myntra",
      "product_name": "Levi's Cargo Pants",
      "brand_name": "Levi's",
      "model_number": "LEV-708",
      "description": "Durable cargo pants with multiple pockets.",
      "sizes_available": ["30", "32", "34", "36"],
      "color_options": ["Khaki", "Black"],
      "material": "Cotton",
      "estimated_delivery": "2-6 days",
      "in_stock": true,
      "category": "Fashion",
      "sub_category": "Clothing",
      "cost_inr": 4000
    },
    {
      "platform": "Myntra",
      "product_name": "Nike React Infinity",
      "brand_name": "Nike",
      "model_number": "NIK-809",
      "description": "Advanced running shoes with responsive foam.",
      "sizes_available": ["7", "8", "9", "10", "11"],
      "color_options": ["Blue", "White"],
      "material": "Mesh & Rubber",
      "estimated_delivery": "3-7 days",
      "in_stock": false,
      "category": "Fashion",
      "sub_category": "Footwear",
      "cost_inr": 9000
    },
    {
      "platform": "Myntra",
      "product_name": "Zara Winter Jacket",
      "brand_name": "Zara",
      "model_number": "ZAR-910",
      "description": "Warm winter jacket with sleek design.",
      "sizes_available": ["S", "M", "L", "XL"],
      "color_options": ["Black", "Grey"],
      "material": "Polyester",
      "estimated_delivery": "2-5 days",
      "in_stock": true,
      "category": "Fashion",
      "sub_category": "Clothing",
      "cost_inr": 5000
    },
    {
      "platform": "Myntra",
      "product_name": "Adidas Predator Boots",
      "brand_name": "Adidas",
      "model_number": "ADI-011",
      "description": "High-performance football boots with grip.",
      "sizes_available": ["7", "8", "9", "10", "11"],
      "color_options": ["Black", "Red"],
      "material": "Synthetic Leather",
      "estimated_delivery": "3-6 days",
      "in_stock": true,
      "category": "Fashion",
      "sub_category": "Footwear",
      "cost_inr": 8000
    },
    {
      "platform": "Myntra",
      "product_name": "H&M Flannel Shirt",
      "brand_name": "H&M",
      "model_number": "HM-112",
      "description": "Cozy flannel shirt for casual outings.",
      "sizes_available": ["S", "M", "L", "XL"],
      "color_options": ["Red", "Blue"],
      "material": "Cotton",
      "estimated_delivery": "2-5 days",
      "in_stock": true,
      "category": "Fashion",
      "sub_category": "Clothing",
      "cost_inr": 1300
    },
    {
      "platform": "Myntra",
      "product_name": "Puma RS-X",
      "brand_name": "Puma",
      "model_number": "PUM-213",
      "description": "Bold sneakers with a futuristic look.",
      "sizes_available": ["7", "8", "9", "10", "11"],
      "color_options": ["White", "Yellow"],
      "material": "Mesh & Rubber",
      "estimated_delivery": "3-7 days",
      "in_stock": false,
      "category": "Fashion",
      "sub_category": "Footwear",
      "cost_inr": 6000
    },
    {
      "platform": "Myntra",
      "product_name": "Levi's Trucker Jacket",
      "brand_name": "Levi's",
      "model_number": "LEV-314",
      "description": "Classic denim jacket with a rugged style.",
      "sizes_available": ["S", "M", "L", "XL"],
      "color_options": ["Blue", "Black"],
      "material": "Denim",
      "estimated_delivery": "2-6 days",
      "in_stock": true,
      "category": "Fashion",
      "sub_category": "Clothing",
      "cost_inr": 4500
    },
    {
      "platform": "Myntra",
      "product_name": "Nike Air Max",
      "brand_name": "Nike",
      "model_number": "NIK-415",
      "description": "Iconic shoes with visible air cushioning.",
      "sizes_available": ["7", "8", "9", "10", "11"],
      "color_options": ["Black", "White"],
      "material": "Mesh & Rubber",
      "estimated_delivery": "3-7 days",
      "in_stock": true,
      "category": "Fashion",
      "sub_category": "Footwear",
      "cost_inr": 8500
    },
    {
      "platform": "Myntra",
      "product_name": "Zara Chino Pants",
      "brand_name": "Zara",
      "model_number": "ZAR-516",
      "description": "Smart chino pants for semi-formal wear.",
      "sizes_available": ["30", "32", "34", "36"],
      "color_options": ["Beige", "Navy"],
      "material": "Cotton Blend",
      "estimated_delivery": "2-5 days",
      "in_stock": true,
      "category": "Fashion",
      "sub_category": "Clothing",
      "cost_inr": 2500
    },
    {
      "platform": "Myntra",
      "product_name": "Adidas Stan Smith",
      "brand_name": "Adidas",
      "model_number": "ADI-617",
      "description": "Classic tennis shoes with a minimalist design.",
      "sizes_available": ["7", "8", "9", "10", "11"],
      "color_options": ["White", "Green"],
      "material": "Leather & Rubber",
      "estimated_delivery": "3-6 days",
      "in_stock": true,
      "category": "Fashion",
      "sub_category": "Footwear",
      "cost_inr": 7000
    },
    {
      "platform": "Myntra",
      "product_name": "H&M Sweatshirt",
      "brand_name": "H&M",
      "model_number": "HM-718",
      "description": "Warm sweatshirt with a casual fit.",
      "sizes_available": ["S", "M", "L", "XL"],
      "color_options": ["Grey", "Black"],
      "material": "Cotton Blend",
      "estimated_delivery": "2-5 days",
      "in_stock": true,
      "category": "Fashion",
      "sub_category": "Clothing",
      "cost_inr": 1500
    },
    {
      "platform": "Myntra",
      "product_name": "Puma Thunder Spectra",
      "brand_name": "Puma",
      "model_number": "PUM-819",
      "description": "Chunky sneakers with a bold aesthetic.",
      "sizes_available": ["7", "8", "9", "10", "11"],
      "color_options": ["Black", "Pink"],
      "material": "Mesh & Rubber",
      "estimated_delivery": "3-7 days",
      "in_stock": false,
      "category": "Fashion",
      "sub_category": "Footwear",
      "cost_inr": 6500
    },
    {
      "platform": "Myntra",
      "product_name": "Levi's Relaxed Fit Jeans",
      "brand_name": "Levi's",
      "model_number": "LEV-920",
      "description": "Comfortable relaxed fit jeans with a classic look.",
      "sizes_available": ["30", "32", "34", "36"],
      "color_options": ["Blue", "Grey"],
      "material": "Cotton",
      "estimated_delivery": "2-6 days",
      "in_stock": true,
      "category": "Fashion",
      "sub_category": "Clothing",
      "cost_inr": 3800
    },
    {
      "platform": "Myntra",
      "product_name": "Nike Dunk Low",
      "brand_name": "Nike",
      "model_number": "NIK-021",
      "description": "Stylish low-top sneakers with a retro vibe.",
      "sizes_available": ["7", "8", "9", "10", "11"],
      "color_options": ["White", "Red"],
      "material": "Leather & Rubber",
      "estimated_delivery": "3-7 days",
      "in_stock": true,
      "category": "Fashion",
      "sub_category": "Footwear",
      "cost_inr": 9500
    },
    {
      "platform": "Myntra",
      "product_name": "Zara Bomber Jacket",
      "brand_name": "Zara",
      "model_number": "ZAR-122",
      "description": "Trendy bomber jacket with a sleek finish.",
      "sizes_available": ["S", "M", "L", "XL"],
      "color_options": ["Black", "Green"],
      "material": "Polyester",
      "estimated_delivery": "2-5 days",
      "in_stock": true,
      "category": "Fashion",
      "sub_category": "Clothing",
      "cost_inr": 4500
    },
    {
      "platform": "Myntra",
      "product_name": "Adidas NMD R1",
      "brand_name": "Adidas",
      "model_number": "ADI-223",
      "description": "Modern sneakers with boost cushioning.",
      "sizes_available": ["7", "8", "9", "10", "11"],
      "color_options": ["White", "Black"],
      "material": "Mesh & Rubber",
      "estimated_delivery": "3-6 days",
      "in_stock": true,
      "category": "Fashion",
      "sub_category": "Footwear",
      "cost_inr": 9000
    },
    {
      "platform": "Myntra",
      "product_name": "H&M Long Sleeve Shirt",
      "brand_name": "H&M",
      "model_number": "HM-324",
      "description": "Elegant long sleeve shirt for formal wear.",
      "sizes_available": ["S", "M", "L", "XL"],
      "color_options": ["White", "Blue"],
      "material": "Cotton",
      "estimated_delivery": "2-5 days",
      "in_stock": true,
      "category": "Fashion",
      "sub_category": "Clothing",
      "cost_inr": 1400
    },
    {
      "platform": "Myntra",
      "product_name": "Puma Cali Star",
      "brand_name": "Puma",
      "model_number": "PUM-425",
      "description": "Classic low-top sneakers with a sleek design.",
      "sizes_available": ["7", "8", "9", "10", "11"],
      "color_options": ["White", "Pink"],
      "material": "Leather & Rubber",
      "estimated_delivery": "3-7 days",
      "in_stock": false,
      "category": "Fashion",
      "sub_category": "Footwear",
      "cost_inr": 5000
    },
    {
      "platform": "Myntra",
      "product_name": "Levi's Denim Shorts",
      "brand_name": "Levi's",
      "model_number": "LEV-526",
      "description": "Casual denim shorts with a relaxed fit.",
      "sizes_available": ["30", "32", "34", "36"],
      "color_options": ["Blue", "Black"],
      "material": "Denim",
      "estimated_delivery": "2-6 days",
      "in_stock": true,
      "category": "Fashion",
      "sub_category": "Clothing",
      "cost_inr": 2500
    },
    {
      "platform": "Myntra",
      "product_name": "Nike SB Dunk",
      "brand_name": "Nike",
      "model_number": "NIK-627",
      "description": "Skateboarding shoes with durable construction.",
      "sizes_available": ["7", "8", "9", "10", "11"],
      "color_options": ["Black", "White"],
      "material": "Leather & Rubber",
      "estimated_delivery": "3-7 days",
      "in_stock": true,
      "category": "Fashion",
      "sub_category": "Footwear",
      "cost_inr": 10000
    },
    {
      "platform": "Myntra",
      "product_name": "Zara Parka Coat",
      "brand_name": "Zara",
      "model_number": "ZAR-728",
      "description": "Heavy parka coat for extreme weather.",
      "sizes_available": ["S", "M", "L", "XL"],
      "color_options": ["Olive", "Black"],
      "material": "Polyester",
      "estimated_delivery": "2-5 days",
      "in_stock": true,
      "category": "Fashion",
      "sub_category": "Clothing",
      "cost_inr": 6000
    },
    {
      "platform": "Myntra",
      "product_name": "Adidas Superstar",
      "brand_name": "Adidas",
      "model_number": "ADI-829",
      "description": "Iconic sneakers with a shell toe design.",
      "sizes_available": ["7", "8", "9", "10", "11"],
      "color_options": ["White", "Black"],
      "material": "Leather & Rubber",
      "estimated_delivery": "3-6 days",
      "in_stock": true,
      "category": "Fashion",
      "sub_category": "Footwear",
      "cost_inr": 7500
    },
    {
      "platform": "Myntra",
      "product_name": "H&M V-Neck Sweater",
      "brand_name": "H&M",
      "model_number": "HM-930",
      "description": "Soft v-neck sweater for casual wear.",
      "sizes_available": ["S", "M", "L", "XL"],
      "color_options": ["Navy", "Grey"],
      "material": "Wool Blend",
      "estimated_delivery": "2-5 days",
      "in_stock": true,
      "category": "Fashion",
      "sub_category": "Clothing",
      "cost_inr": 1800
    },
    {
      "platform": "Myntra",
      "product_name": "Puma Cell Venom",
      "brand_name": "Puma",
      "model_number": "PUM-031",
      "description": "Chunky sneakers with a bold street style.",
      "sizes_available": ["7", "8", "9", "10", "11"],
      "color_options": ["Black", "Orange"],
      "material": "Mesh & Rubber",
      "estimated_delivery": "3-7 days",
      "in_stock": false,
      "category": "Fashion",
      "sub_category": "Footwear",
      "cost_inr": 7000
    },
    {
      "platform": "Myntra",
      "product_name": "Levi's Western Shirt",
      "brand_name": "Levi's",
      "model_number": "LEV-132",
      "description": "Rugged western shirt with a classic fit.",
      "sizes_available": ["S", "M", "L", "XL"],
      "color_options": ["Blue", "Red"],
      "material": "Cotton",
      "estimated_delivery": "2-6 days",
      "in_stock": true,
      "category": "Fashion",
      "sub_category": "Clothing",
      "cost_inr": 3000
    },
    {
      "platform": "Myntra",
      "product_name": "Nike Pegasus",
      "brand_name": "Nike",
      "model_number": "NIK-233",
      "description": "Running shoes with responsive cushioning.",
      "sizes_available": ["7", "8", "9", "10", "11"],
      "color_options": ["Grey", "Blue"],
      "material": "Mesh & Rubber",
      "estimated_delivery": "3-7 days",
      "in_stock": true,
      "category": "Fashion",
      "sub_category": "Footwear",
      "cost_inr": 8500
    },
    {
      "platform": "Myntra",
      "product_name": "Zara Corduroy Pants",
      "brand_name": "Zara",
      "model_number": "ZAR-334",
      "description": "Stylish corduroy pants for a vintage look.",
      "sizes_available": ["30", "32", "34", "36"],
      "color_options": ["Brown", "Olive"],
      "material": "Cotton Blend",
      "estimated_delivery": "2-5 days",
      "in_stock": true,
      "category": "Fashion",
      "sub_category": "Clothing",
      "cost_inr": 2800
    },
    {
      "platform": "Myntra",
      "product_name": "Adidas Yeezy Boost",
      "brand_name": "Adidas",
      "model_number": "ADI-435",
      "description": "Premium sneakers with a futuristic design.",
      "sizes_available": ["7", "8", "9", "10", "11"],
      "color_options": ["Black", "White"],
      "material": "Mesh & Rubber",
      "estimated_delivery": "3-6 days",
      "in_stock": false,
      "category": "Fashion",
      "sub_category": "Footwear",
      "cost_inr": 12000
    },
    {
      "platform": "Myntra",
      "product_name": "H&M Track Pants",
      "brand_name": "H&M",
      "model_number": "HM-536",
      "description": "Comfortable track pants for active wear.",
      "sizes_available": ["S", "M", "L", "XL"],
      "color_options": ["Black", "Grey"],
      "material": "Polyester",
      "estimated_delivery": "2-5 days",
      "in_stock": true,
      "category": "Fashion",
      "sub_category": "Clothing",
      "cost_inr": 1200
    },
    {
      "platform": "Myntra",
      "product_name": "Puma Rise",
      "brand_name": "Puma",
      "model_number": "PUM-637",
      "description": "Versatile sneakers with a sleek profile.",
      "sizes_available": ["7", "8", "9", "10", "11"],
      "color_options": ["White", "Blue"],
      "material": "Mesh & Rubber",
      "estimated_delivery": "3-7 days",
      "in_stock": true,
      "category": "Fashion",
      "sub_category": "Footwear",
      "cost_inr": 6000
    },
    {
      "platform": "Myntra",
      "product_name": "Levi's Hoodie",
      "brand_name": "Levi's",
      "model_number": "LEV-738",
      "description": "Cozy hoodie with a casual design.",
      "sizes_available": ["S", "M", "L", "XL"],
      "color_options": ["Black", "Grey"],
      "material": "Cotton Blend",
      "estimated_delivery": "2-6 days",
      "in_stock": true,
      "category": "Fashion",
      "sub_category": "Clothing",
      "cost_inr": 2000
    },
    {
      "platform": "Myntra",
      "product_name": "Nike Metcon",
      "brand_name": "Nike",
      "model_number": "NIK-839",
      "description": "Training shoes with stability and grip.",
      "sizes_available": ["7", "8", "9", "10", "11"],
      "color_options": ["Black", "Red"],
      "material": "Mesh & Rubber",
      "estimated_delivery": "3-7 days",
      "in_stock": true,
      "category": "Fashion",
      "sub_category": "Footwear",
      "cost_inr": 9000
    },
    {
      "platform": "Myntra",
      "product_name": "Zara Overcoat",
      "brand_name": "Zara",
      "model_number": "ZAR-940",
      "description": "Elegant overcoat for formal occasions.",
      "sizes_available": ["S", "M", "L", "XL"],
      "color_options": ["Black", "Camel"],
      "material": "Wool Blend",
      "estimated_delivery": "2-5 days",
      "in_stock": true,
      "category": "Fashion",
      "sub_category": "Clothing",
      "cost_inr": 7000
    },
    {
      "platform": "Myntra",
      "product_name": "Adidas Alphabounce",
      "brand_name": "Adidas",
      "model_number": "ADI-041",
      "description": "Running shoes with adaptive cushioning.",
      "sizes_available": ["7", "8", "9", "10", "11"],
      "color_options": ["Grey", "Blue"],
      "material": "Mesh & Rubber",
      "estimated_delivery": "3-6 days",
      "in_stock": true,
      "category": "Fashion",
      "sub_category": "Footwear",
      "cost_inr": 8000
    },
    {
      "platform": "Myntra",
      "product_name": "H&M Cardigan",
      "brand_name": "H&M",
      "model_number": "HM-142",
      "description": "Light cardigan for layered outfits.",
      "sizes_available": ["S", "M", "L", "XL"],
      "color_options": ["Beige", "Grey"],
      "material": "Cotton Blend",
      "estimated_delivery": "2-5 days",
      "in_stock": true,
      "category": "Fashion",
      "sub_category": "Clothing",
      "cost_inr": 1600
    },
    {
      "platform": "Myntra",
      "product_name": "Puma Mirage Sport",
      "brand_name": "Puma",
      "model_number": "PUM-243",
      "description": "Sporty sneakers with a dynamic look.",
      "sizes_available": ["7", "8", "9", "10", "11"],
      "color_options": ["Black", "Orange"],
      "material": "Mesh & Rubber",
      "estimated_delivery": "3-7 days",
      "in_stock": false,
      "category": "Fashion",
      "sub_category": "Footwear",
      "cost_inr": 5500
    },
    {
      "platform": "Myntra",
      "product_name": "Levi's Corduroy Jacket",
      "brand_name": "Levi's",
      "model_number": "LEV-344",
      "description": "Vintage corduroy jacket with a warm lining.",
      "sizes_available": ["S", "M", "L", "XL"],
      "color_options": ["Brown", "Black"],
      "material": "Cotton Blend",
      "estimated_delivery": "2-6 days",
      "in_stock": true,
      "category": "Fashion",
      "sub_category": "Clothing",
      "cost_inr": 4000
    },
    {
      "platform": "Myntra",
      "product_name": "Nike Free Run",
      "brand_name": "Nike",
      "model_number": "NIK-445",
      "description": "Flexible running shoes for natural movement.",
      "sizes_available": ["7", "8", "9", "10", "11"],
      "color_options": ["Blue", "White"],
      "material": "Mesh & Rubber",
      "estimated_delivery": "3-7 days",
      "in_stock": true,
      "category": "Fashion",
      "sub_category": "Footwear",
      "cost_inr": 8000
    },

    {
      "platform": "Ajio",
      "product_name": "H&M Casual Shirt",
      "brand_name": "H&M",
      "model_number": "HM-203",
      "description": "Stylish casual shirt with a comfortable fit.",
      "sizes_available": ["S", "M", "L", "XL"],
      "color_options": ["White", "Grey"],
      "material": "Cotton",
      "estimated_delivery": "3-7 days",
      "in_stock": true,
      "category": "Fashion",
      "sub_category": "Clothing",
      "cost_inr": 1500
    },
    {
      "platform": "Ajio",
      "product_name": "Adidas Ultraboost",
      "brand_name": "Adidas",
      "model_number": "ADI-305",
      "description": "High-performance running shoes with boost technology.",
      "sizes_available": ["7", "8", "9", "10", "11"],
      "color_options": ["Black", "Blue"],
      "material": "Mesh & Rubber",
      "estimated_delivery": "4-8 days",
      "in_stock": false,
      "category": "Fashion",
      "sub_category": "Footwear",
      "cost_inr": 12000
    },
    {
      "platform": "Ajio",
      "product_name": "Zara Slim Fit Blazer",
      "brand_name": "Zara",
      "model_number": "ZAR-406",
      "description": "Elegant slim fit blazer for formal occasions.",
      "sizes_available": ["S", "M", "L", "XL"],
      "color_options": ["Black", "Navy"],
      "material": "Wool Blend",
      "estimated_delivery": "3-7 days",
      "in_stock": true,
      "category": "Fashion",
      "sub_category": "Clothing",
      "cost_inr": 6000
    },
    {
      "platform": "Ajio",
      "product_name": "Puma Suede Classic",
      "brand_name": "Puma",
      "model_number": "PUM-507",
      "description": "Classic sneakers with a vintage vibe.",
      "sizes_available": ["7", "8", "9", "10", "11"],
      "color_options": ["Black", "White"],
      "material": "Suede & Rubber",
      "estimated_delivery": "4-8 days",
      "in_stock": true,
      "category": "Fashion",
      "sub_category": "Footwear",
      "cost_inr": 4500
    },
    {
      "platform": "Ajio",
      "product_name": "H&M Polo Shirt",
      "brand_name": "H&M",
      "model_number": "HM-608",
      "description": "Breathable polo shirt for casual wear.",
      "sizes_available": ["S", "M", "L", "XL"],
      "color_options": ["Green", "White"],
      "material": "Cotton",
      "estimated_delivery": "3-6 days",
      "in_stock": true,
      "category": "Fashion",
      "sub_category": "Clothing",
      "cost_inr": 1200
    },
    {
      "platform": "Ajio",
      "product_name": "Nike Jordan Retro",
      "brand_name": "Nike",
      "model_number": "NIK-709",
      "description": "Iconic basketball shoes with premium design.",
      "sizes_available": ["7", "8", "9", "10", "11"],
      "color_options": ["Red", "Black"],
      "material": "Leather & Rubber",
      "estimated_delivery": "4-9 days",
      "in_stock": false,
      "category": "Fashion",
      "sub_category": "Footwear",
      "cost_inr": 11000
    },
    {
      "platform": "Ajio",
      "product_name": "Zara Trench Coat",
      "brand_name": "Zara",
      "model_number": "ZAR-810",
      "description": "Stylish trench coat for all seasons.",
      "sizes_available": ["S", "M", "L", "XL"],
      "color_options": ["Beige", "Black"],
      "material": "Polyester",
      "estimated_delivery": "3-7 days",
      "in_stock": true,
      "category": "Fashion",
      "sub_category": "Clothing",
      "cost_inr": 7000
    },
    {
      "platform": "Ajio",
      "product_name": "Adidas Terrex",
      "brand_name": "Adidas",
      "model_number": "ADI-911",
      "description": "Rugged hiking shoes with great traction.",
      "sizes_available": ["7", "8", "9", "10", "11"],
      "color_options": ["Green", "Black"],
      "material": "Mesh & Rubber",
      "estimated_delivery": "4-8 days",
      "in_stock": true,
      "category": "Fashion",
      "sub_category": "Footwear",
      "cost_inr": 8000
    },
    {
      "platform": "Ajio",
      "product_name": "H&M Hoodie",
      "brand_name": "H&M",
      "model_number": "HM-012",
      "description": "Cozy hoodie with a modern design.",
      "sizes_available": ["S", "M", "L", "XL"],
      "color_options": ["Grey", "Blue"],
      "material": "Cotton Blend",
      "estimated_delivery": "3-6 days",
      "in_stock": true,
      "category": "Fashion",
      "sub_category": "Clothing",
      "cost_inr": 1800
    },
    {
      "platform": "Ajio",
      "product_name": "Puma Tsugi Netfit",
      "brand_name": "Puma",
      "model_number": "PUM-113",
      "description": "Innovative sneakers with customizable lacing.",
      "sizes_available": ["7", "8", "9", "10", "11"],
      "color_options": ["Black", "White"],
      "material": "Mesh & Rubber",
      "estimated_delivery": "4-8 days",
      "in_stock": false,
      "category": "Fashion",
      "sub_category": "Footwear",
      "cost_inr": 7000
    },
    {
      "platform": "Ajio",
      "product_name": "Zara Leather Jacket",
      "brand_name": "Zara",
      "model_number": "ZAR-214",
      "description": "Premium leather jacket with a sleek fit.",
      "sizes_available": ["S", "M", "L", "XL"],
      "color_options": ["Black", "Brown"],
      "material": "Leather",
      "estimated_delivery": "3-7 days",
      "in_stock": true,
      "category": "Fashion",
      "sub_category": "Clothing",
      "cost_inr": 10000
    },
    {
      "platform": "Ajio",
      "product_name": "Adidas Falcon",
      "brand_name": "Adidas",
      "model_number": "ADI-315",
      "description": "Bold sneakers with a chunky sole.",
      "sizes_available": ["7", "8", "9", "10", "11"],
      "color_options": ["Pink", "White"],
      "material": "Mesh & Rubber",
      "estimated_delivery": "4-8 days",
      "in_stock": true,
      "category": "Fashion",
      "sub_category": "Footwear",
      "cost_inr": 6500
    },
    {
      "platform": "Ajio",
      "product_name": "H&M Button-Down Shirt",
      "brand_name": "H&M",
      "model_number": "HM-416",
      "description": "Classic button-down shirt for everyday wear.",
      "sizes_available": ["S", "M", "L", "XL"],
      "color_options": ["White", "Blue"],
      "material": "Cotton",
      "estimated_delivery": "3-6 days",
      "in_stock": true,
      "category": "Fashion",
      "sub_category": "Clothing",
      "cost_inr": 1300
    },
    {
      "platform": "Ajio",
      "product_name": "Puma Roma",
      "brand_name": "Puma",
      "model_number": "PUM-517",
      "description": "Timeless sneakers with a minimalist design.",
      "sizes_available": ["7", "8", "9", "10", "11"],
      "color_options": ["Black", "White"],
      "material": "Leather & Rubber",
      "estimated_delivery": "4-8 days",
      "in_stock": true,
      "category": "Fashion",
      "sub_category": "Footwear",
      "cost_inr": 5000
    },
    {
      "platform": "Ajio",
      "product_name": "Zara Peacoat",
      "brand_name": "Zara",
      "model_number": "ZAR-618",
      "description": "Warm peacoat with a tailored fit.",
      "sizes_available": ["S", "M", "L", "XL"],
      "color_options": ["Navy", "Grey"],
      "material": "Wool Blend",
      "estimated_delivery": "3-7 days",
      "in_stock": true,
      "category": "Fashion",
      "sub_category": "Clothing",
      "cost_inr": 8000
    },
    {
      "platform": "Ajio",
      "product_name": "Adidas Gazelle",
      "brand_name": "Adidas",
      "model_number": "ADI-719",
      "description": "Classic sneakers with a retro style.",
      "sizes_available": ["7", "8", "9", "10", "11"],
      "color_options": ["White", "Green"],
      "material": "Leather & Rubber",
      "estimated_delivery": "4-8 days",
      "in_stock": false,
      "category": "Fashion",
      "sub_category": "Footwear",
      "cost_inr": 7000
    },
    {
      "platform": "Ajio",
      "product_name": "H&M Cargo Pants",
      "brand_name": "H&M",
      "model_number": "HM-820",
      "description": "Functional cargo pants with multiple pockets.",
      "sizes_available": ["30", "32", "34", "36"],
      "color_options": ["Olive", "Black"],
      "material": "Cotton Blend",
      "estimated_delivery": "3-6 days",
      "in_stock": true,
      "category": "Fashion",
      "sub_category": "Clothing",
      "cost_inr": 2000
    },
    {
      "platform": "Ajio",
      "product_name": "Puma Select",
      "brand_name": "Puma",
      "model_number": "PUM-921",
      "description": "Premium sneakers with a luxurious finish.",
      "sizes_available": ["7", "8", "9", "10", "11"],
      "color_options": ["Black", "Gold"],
      "material": "Leather & Rubber",
      "estimated_delivery": "4-8 days",
      "in_stock": true,
      "category": "Fashion",
      "sub_category": "Footwear",
      "cost_inr": 9000
    },
    {
      "platform": "Ajio",
      "product_name": "Zara Tailored Suit",
      "brand_name": "Zara",
      "model_number": "ZAR-022",
      "description": "Sophisticated tailored suit for formal events.",
      "material": "Wool Blend",
      "estimated_delivery": "3-7 days",
      "in_stock": true,
      "category": "Fashion",
      "sub_category": "Clothing",
      "cost_inr": 12000
    },
    {
      "platform": "Ajio",
      "product_name": "Adidas Continental 80",
      "brand_name": "Adidas",
      "model_number": "ADI-123",
      "description": "Vintage-inspired sneakers with a clean look.",
      "sizes_available": ["7", "8", "9", "10", "11"],
      "color_options": ["White", "Navy"],
      "material": "Leather & Rubber",
      "estimated_delivery": "4-8 days",
      "in_stock": true,
      "category": "Fashion",
      "sub_category": "Footwear",
      "cost_inr": 7500
    },
    {
      "platform": "Ajio",
      "product_name": "H&M Denim Jacket",
      "brand_name": "H&M",
      "model_number": "HM-224",
      "description": "Casual denim jacket with a relaxed fit.",
      "sizes_available": ["S", "M", "L", "XL"],
      "color_options": ["Blue", "Black"],
      "material": "Denim",
      "estimated_delivery": "3-6 days",
      "in_stock": true,
      "category": "Fashion",
      "sub_category": "Clothing",
      "cost_inr": 2500
    },
    {
      "platform": "Ajio",
      "product_name": "Puma Basket Classic",
      "brand_name": "Puma",
      "model_number": "PUM-325",
      "description": "Classic basketball shoes with a retro vibe.",
      "sizes_available": ["7", "8", "9", "10", "11"],
      "color_options": ["White", "Red"],
      "material": "Leather & Rubber",
      "estimated_delivery": "4-8 days",
      "in_stock": false,
      "category": "Fashion",
      "sub_category": "Footwear",
      "cost_inr": 6000
    },
    {
      "platform": "Ajio",
      "product_name": "Zara Quilted Jacket",
      "brand_name": "Zara",
      "model_number": "ZAR-426",
      "description": "Warm quilted jacket for winter wear.",
      "sizes_available": ["S", "M", "L", "XL"],
      "color_options": ["Black", "Grey"],
      "material": "Polyester",
      "estimated_delivery": "3-7 days",
      "in_stock": true,
      "category": "Fashion",
      "sub_category": "Clothing",
      "cost_inr": 5000
    },
    {
      "platform": "Ajio",
      "product_name": "Adidas Sobakov",
      "brand_name": "Adidas",
      "model_number": "ADI-527",
      "description": "Bold sneakers with a unique strap design.",
      "sizes_available": ["7", "8", "9", "10", "11"],
      "color_options": ["Black", "White"],
      "material": "Mesh & Rubber",
      "estimated_delivery": "4-8 days",
      "in_stock": true,
      "category": "Fashion",
      "sub_category": "Footwear",
      "cost_inr": 8500
    },
    {
      "platform": "Ajio",
      "product_name": "H&M Turtleneck",
      "brand_name": "H&M",
      "model_number": "HM-628",
      "description": "Warm turtleneck for cold weather.",
      "sizes_available": ["S", "M", "L", "XL"],
      "color_options": ["Black", "Navy"],
      "material": "Wool Blend",
      "estimated_delivery": "3-6 days",
      "in_stock": true,
      "category": "Fashion",
      "sub_category": "Clothing",
      "cost_inr": 2000
    },
    {
      "platform": "Ajio",
      "product_name": "Puma Enzo",
      "brand_name": "Puma",
      "model_number": "PUM-729",
      "description": "Dynamic sneakers with a sporty edge.",
      "sizes_available": ["7", "8", "9", "10", "11"],
      "color_options": ["Black", "Blue"],
      "material": "Mesh & Rubber",
      "estimated_delivery": "4-8 days",
      "in_stock": false,
      "category": "Fashion",
      "sub_category": "Footwear",
      "cost_inr": 5500
    },
    {
      "platform": "Ajio",
      "product_name": "Zara Wool Coat",
      "brand_name": "Zara",
      "model_number": "ZAR-830",
      "description": "Luxurious wool coat for formal wear.",
      "sizes_available": ["S", "M", "L", "XL"],
      "color_options": ["Grey", "Camel"],
      "material": "Wool",
      "estimated_delivery": "3-7 days",
      "in_stock": true,
      "category": "Fashion",
      "sub_category": "Clothing",
      "cost_inr": 9000
    },
    {
      "platform": "Ajio",
      "product_name": "Adidas Deerupt",
      "brand_name": "Adidas",
      "model_number": "ADI-931",
      "description": "Lightweight sneakers with a cage design.",
      "sizes_available": ["7", "8", "9", "10", "11"],
      "color_options": ["Black", "White"],
      "material": "Mesh & Rubber",
      "estimated_delivery": "4-8 days",
      "in_stock": true,
      "category": "Fashion",
      "sub_category": "Footwear",
      "cost_inr": 8000
    },
    {
      "platform": "Ajio",
      "product_name": "H&M Parka",
      "brand_name": "H&M",
      "model_number": "HM-032",
      "description": "Insulated parka for extreme cold.",
      "sizes_available": ["S", "M", "L", "XL"],
      "color_options": ["Olive", "Black"],
      "material": "Polyester",
      "estimated_delivery": "3-6 days",
      "in_stock": true,
      "category": "Fashion",
      "sub_category": "Clothing",
      "cost_inr": 3000
    },
    {
      "platform": "Ajio",
      "product_name": "Puma Ignite",
      "brand_name": "Puma",
      "model_number": "PUM-133",
      "description": "Running shoes with ignite foam technology.",
      "sizes_available": ["7", "8", "9", "10", "11"],
      "color_options": ["Grey", "Blue"],
      "material": "Mesh & Rubber",
      "estimated_delivery": "4-8 days",
      "in_stock": true,
      "category": "Fashion",
      "sub_category": "Footwear",
      "cost_inr": 7000
    },
    {
      "platform": "Ajio",
      "product_name": "Zara Vest",
      "brand_name": "Zara",
      "model_number": "ZAR-234",
      "description": "Lightweight vest for layered outfits.",
      "sizes_available": ["S", "M", "L", "XL"],
      "color_options": ["Black", "Grey"],
      "material": "Cotton Blend",
      "estimated_delivery": "3-7 days",
      "in_stock": true,
      "category": "Fashion",
      "sub_category": "Clothing",
      "cost_inr": 2500
    },
    {
      "platform": "Ajio",
      "product_name": "Adidas ZX Flux",
      "brand_name": "Adidas",
      "model_number": "ADI-335",
      "description": "Stylish sneakers with a retro twist.",
      "sizes_available": ["7", "8", "9", "10", "11"],
      "color_options": ["White", "Red"],
      "material": "Mesh & Rubber",
      "estimated_delivery": "4-8 days",
      "in_stock": false,
      "category": "Fashion",
      "sub_category": "Footwear",
      "cost_inr": 7500
    },

   
    {
      "platform": "Meesho",
      "product_name": "Trendy Ethnic Kurta",
      "brand_name": "Meesho Original",
      "model_number": "MEE-401",
      "description": "Affordable ethnic kurta for casual and festive wear.",
      "sizes_available": ["S", "M", "L", "XL"],
      "color_options": ["Red", "Green"],
      "material": "Cotton Blend",
      "estimated_delivery": "5-10 days",
      "in_stock": true,
      "category": "Fashion",
      "sub_category": "Clothing",
      "cost_inr": 800
    },
    {
      "platform": "Meesho",
      "product_name": "Casual Slippers",
      "brand_name": "Meesho Basics",
      "model_number": "MEE-502",
      "description": "Comfortable and affordable everyday slippers.",
      "sizes_available": ["6", "7", "8", "9"],
      "color_options": ["Black", "Brown"],
      "material": "PVC",
      "estimated_delivery": "6-12 days",
      "in_stock": true,
      "category": "Fashion",
      "sub_category": "Footwear",
      "cost_inr": 400
    },
    {
      "platform": "Meesho",
      "product_name": "Cotton Saree",
      "brand_name": "Meesho Ethnic",
      "model_number": "MEE-603",
      "description": "Traditional cotton saree with elegant patterns.",
      "sizes_available": ["Free Size"],
      "color_options": ["Red", "Blue"],
      "material": "Cotton",
      "estimated_delivery": "5-11 days",
      "in_stock": true,
      "category": "Fashion",
      "sub_category": "Clothing",
      "cost_inr": 1000
    },
    {
      "platform": "Meesho",
      "product_name": "Rubber Flip Flops",
      "brand_name": "Meesho Comfort",
      "model_number": "MEE-704",
      "description": "Durable flip flops for daily use.",
      "sizes_available": ["6", "7", "8", "9"],
      "color_options": ["Black", "Navy"],
      "material": "Rubber",
      "estimated_delivery": "6-12 days",
      "in_stock": false,
      "category": "Fashion",
      "sub_category": "Footwear",
      "cost_inr": 300
    },
    {
      "platform": "Meesho",
      "product_name": "Printed Anarkali",
      "brand_name": "Meesho Style",
      "model_number": "MEE-805",
      "description": "Affordable printed anarkali for festive occasions.",
      "sizes_available": ["S", "M", "L", "XL"],
      "color_options": ["Pink", "Green"],
      "material": "Cotton Blend",
      "estimated_delivery": "5-10 days",
      "in_stock": true,
      "category": "Fashion",
      "sub_category": "Clothing",
      "cost_inr": 900
    },
    {
      "platform": "Meesho",
      "product_name": "Canvas Shoes",
      "brand_name": "Meesho Trendy",
      "model_number": "MEE-906",
      "description": "Stylish canvas shoes for casual wear.",
      "sizes_available": ["6", "7", "8", "9"],
      "color_options": ["White", "Black"],
      "material": "Canvas & Rubber",
      "estimated_delivery": "6-12 days",
      "in_stock": true,
      "category": "Fashion",
      "sub_category": "Footwear",
      "cost_inr": 600
    },
    {
      "platform": "Meesho",
      "product_name": "Linen Kurta Set",
      "brand_name": "Meesho Ethnic",
      "model_number": "MEE-007",
      "description": "Lightweight linen kurta set for daily wear.",
      "sizes_available": ["S", "M", "L", "XL"],
      "color_options": ["Beige", "Brown"],
      "material": "Linen",
      "estimated_delivery": "5-11 days",
      "in_stock": true,
      "category": "Fashion",
      "sub_category": "Clothing",
      "cost_inr": 1200
    },
    {
      "platform": "Meesho",
      "product_name": "Sports Sandals",
      "brand_name": "Meesho Active",
      "model_number": "MEE-108",
      "description": "Comfortable sandals for outdoor activities.",
      "sizes_available": ["6", "7", "8", "9"],
      "color_options": ["Grey", "Black"],
      "material": "Rubber & Fabric",
      "estimated_delivery": "6-12 days",
      "in_stock": false,
      "category": "Fashion",
      "sub_category": "Footwear",
      "cost_inr": 500
    },
    {
      "platform": "Meesho",
      "product_name": "Silk Lehenga",
      "brand_name": "Meesho Festive",
      "model_number": "MEE-209",
      "description": "Elegant silk lehenga for special occasions.",
      "sizes_available": ["S", "M", "L", "XL"],
      "color_options": ["Red", "Gold"],
      "material": "Silk",
      "estimated_delivery": "5-10 days",
      "in_stock": true,
      "category": "Fashion",
      "sub_category": "Clothing",
      "cost_inr": 1800
    },
    {
      "platform": "Meesho",
      "product_name": "Leather Sandals",
      "brand_name": "Meesho Classic",
      "model_number": "MEE-310",
      "description": "Durable leather sandals for everyday use.",
      "sizes_available": ["6", "7", "8", "9"],
      "color_options": ["Brown", "Black"],
      "material": "Leather",
      "estimated_delivery": "6-12 days",
      "in_stock": true,
      "category": "Fashion",
      "sub_category": "Footwear",
      "cost_inr": 700
    },
    {
      "platform": "Meesho",
      "product_name": "Cotton Salwar Kameez",
      "brand_name": "Meesho Ethnic",
      "model_number": "MEE-411",
      "description": "Traditional cotton salwar kameez with embroidery.",
      "sizes_available": ["S", "M", "L", "XL"],
      "color_options": ["Green", "Blue"],
      "material": "Cotton",
      "estimated_delivery": "5-11 days",
      "in_stock": true,
      "category": "Fashion",
      "sub_category": "Clothing",
      "cost_inr": 1100
    },
    {
      "platform": "Meesho",
      "product_name": "Sneaker Shoes",
      "brand_name": "Meesho Trendy",
      "model_number": "MEE-512",
      "description": "Affordable sneakers for casual outings.",
      "sizes_available": ["6", "7", "8", "9"],
      "color_options": ["White", "Navy"],
      "material": "Canvas & Rubber",
      "estimated_delivery": "6-12 days",
      "in_stock": false,
      "category": "Fashion",
      "sub_category": "Footwear",
      "cost_inr": 550
    },
    {
      "platform": "Meesho",
      "product_name": "Embroidered Kurti",
      "brand_name": "Meesho Style",
      "model_number": "MEE-613",
      "description": "Stylish kurti with intricate embroidery.",
      "sizes_available": ["S", "M", "L", "XL"],
      "color_options": ["Pink", "Purple"],
      "material": "Cotton Blend",
      "estimated_delivery": "5-10 days",
      "in_stock": true,
      "category": "Fashion",
      "sub_category": "Clothing",
      "cost_inr": 950
    },
    {
      "platform": "Meesho",
      "product_name": "Jute Slippers",
      "brand_name": "Meesho Eco",
      "model_number": "MEE-714",
      "description": "Eco-friendly jute slippers for daily wear.",
      "sizes_available": ["6", "7", "8", "9"],
      "color_options": ["Brown", "Green"],
      "material": "Jute & Rubber",
      "estimated_delivery": "6-12 days",
      "in_stock": true,
      "category": "Fashion",
      "sub_category": "Footwear",
      "cost_inr": 450
    },
    {
      "platform": "Meesho",
      "product_name": "Chiffon Saree",
      "brand_name": "Meesho Festive",
      "model_number": "MEE-815",
      "description": "Light chiffon saree with elegant draping.",
      "sizes_available": ["Free Size"],
      "color_options": ["Blue", "Pink"],
      "material": "Chiffon",
      "estimated_delivery": "5-11 days",
      "in_stock": true,
      "category": "Fashion",
      "sub_category": "Clothing",
      "cost_inr": 1300
    },
    {
      "platform": "Meesho",
      "product_name": "Running Shoes",
      "brand_name": "Meesho Active",
      "model_number": "MEE-916",
      "description": "Affordable running shoes with good support.",
      "sizes_available": ["6", "7", "8", "9"],
      "color_options": ["Black", "Grey"],
      "material": "Mesh & Rubber",
      "estimated_delivery": "6-12 days",
      "in_stock": false,
      "category": "Fashion",
      "sub_category": "Footwear",
      "cost_inr": 600
    },
    {
      "platform": "Meesho",
      "product_name": "Rayon Top",
      "brand_name": "Meesho Casual",
      "model_number": "MEE-017",
      "description": "Breathable rayon top for everyday wear.",
      "sizes_available": ["S", "M", "L", "XL"],
      "color_options": ["White", "Pink"],
      "material": "Rayon",
      "estimated_delivery": "5-10 days",
      "in_stock": true,
      "category": "Fashion",
      "sub_category": "Clothing",
      "cost_inr": 700
    },
    {
      "platform": "Meesho",
      "product_name": "Velvet Slippers",
      "brand_name": "Meesho Luxe",
      "model_number": "MEE-118",
      "description": "Luxurious velvet slippers for indoor use.",
      "sizes_available": ["6", "7", "8", "9"],
      "color_options": ["Red", "Black"],
      "material": "Velvet & Rubber",
      "estimated_delivery": "6-12 days",
      "in_stock": true,
      "category": "Fashion",
      "sub_category": "Footwear",
      "cost_inr": 500
    },
    {
      "platform": "Meesho",
      "product_name": "Georgette Anarkali",
      "brand_name": "Meesho Festive",
      "model_number": "MEE-219",
      "description": "Flowing georgette anarkali for special events.",
      "sizes_available": ["S", "M", "L", "XL"],
      "color_options": ["Purple", "Gold"],
      "material": "Georgette",
      "estimated_delivery": "5-11 days",
      "in_stock": true,
      "category": "Fashion",
      "sub_category": "Clothing",
      "cost_inr": 1500
    },
    {
      "platform": "Meesho",
      "product_name": "Ortho Sandals",
      "brand_name": "Meesho Comfort",
      "model_number": "MEE-320",
      "description": "Orthopedic sandals for foot support.",
      "sizes_available": ["6", "7", "8", "9"],
      "color_options": ["Black", "Brown"],
      "material": "Rubber & Foam",
      "estimated_delivery": "6-12 days",
      "in_stock": false,
      "category": "Fashion",
      "sub_category": "Footwear",
      "cost_inr": 650
    },
    {
      "platform": "Meesho",
      "product_name": "Cotton Palazzo Set",
      "brand_name": "Meesho Ethnic",
      "model_number": "MEE-421",
      "description": "Comfortable cotton palazzo set with kurti.",
      "sizes_available": ["S", "M", "L", "XL"],
      "color_options": ["Blue", "Green"],
      "material": "Cotton",
      "estimated_delivery": "5-10 days",
      "in_stock": true,
      "category": "Fashion",
      "sub_category": "Clothing",
      "cost_inr": 1100
    },
    {
      "platform": "Meesho",
      "product_name": "Casual Loafers",
      "brand_name": "Meesho Trendy",
      "model_number": "MEE-522",
      "description": "Stylish loafers for casual outings.",
      "sizes_available": ["6", "7", "8", "9"],
      "color_options": ["Brown", "Black"],
      "material": "Leather & Rubber",
      "estimated_delivery": "6-12 days",
      "in_stock": true,
      "category": "Fashion",
      "sub_category": "Footwear",
      "cost_inr": 800
    },
    {
      "platform": "Meesho",
      "product_name": "Satin Nightwear",
      "brand_name": "Meesho Luxe",
      "model_number": "MEE-623",
      "description": "Smooth satin nightwear for comfort.",
      "sizes_available": ["S", "M", "L", "XL"],
      "color_options": ["Pink", "Black"],
      "material": "Satin",
      "estimated_delivery": "5-11 days",
      "in_stock": true,
      "category": "Fashion",
      "sub_category": "Clothing",
      "cost_inr": 900
    },
    {
      "platform": "Meesho",
      "product_name": "Mesh Sneakers",
      "brand_name": "Meesho Active",
      "model_number": "MEE-724",
      "description": "Breathable mesh sneakers for workouts.",
      "sizes_available": ["6", "7", "8", "9"],
      "color_options": ["White", "Grey"],
      "material": "Mesh & Rubber",
      "estimated_delivery": "6-12 days",
      "in_stock": false,
      "category": "Fashion",
      "sub_category": "Footwear",
      "cost_inr": 550
    },
    {
      "platform": "Meesho",
      "product_name": "Floral Dress",
      "brand_name": "Meesho Casual",
      "model_number": "MEE-825",
      "description": "Elegant floral dress for casual wear.",
      "sizes_available": ["S", "M", "L", "XL"],
      "color_options": ["Blue", "Pink"],
      "material": "Cotton Blend",
      "estimated_delivery": "5-10 days",
      "in_stock": true,
      "category": "Fashion",
      "sub_category": "Clothing",
      "cost_inr": 850
    },
    {
      "platform": "Meesho",
      "product_name": "Wedge Heels",
      "brand_name": "Meesho Style",
      "model_number": "MEE-926",
      "description": "Comfortable wedge heels for parties.",
      "sizes_available": ["6", "7", "8", "9"],
      "color_options": ["Black", "Nude"],
      "material": "PU Leather",
      "estimated_delivery": "6-12 days",
      "in_stock": true,
      "category": "Fashion",
      "sub_category": "Footwear",
      "cost_inr": 700
    },
    {
      "platform": "Meesho",
      "product_name": "Velvet Kurta",
      "brand_name": "Meesho Festive",
      "model_number": "MEE-027",
      "description": "Rich velvet kurta for festive occasions.",
      "sizes_available": ["S", "M", "L", "XL"],
      "color_options": ["Maroon", "Black"],
      "material": "Velvet",
      "estimated_delivery": "5-11 days",
      "in_stock": true,
      "category": "Fashion",
      "sub_category": "Clothing",
      "cost_inr": 1300
    },
    {
      "platform": "Meesho",
      "product_name": "Clog Sandals",
      "brand_name": "Meesho Comfort",
      "model_number": "MEE-128",
      "description": "Easy-to-wear clog sandals for daily use.",
      "sizes_available": ["6", "7", "8", "9"],
      "color_options": ["Brown", "Black"],
      "material": "Rubber & Foam",
      "estimated_delivery": "6-12 days",
      "in_stock": false,
      "category": "Fashion",
      "sub_category": "Footwear",
      "cost_inr": 450
    },
    {
      "platform": "Meesho",
      "product_name": "Chikan Kurti",
      "brand_name": "Meesho Ethnic",
      "model_number": "MEE-229",
      "description": "Traditional chikan kurti with delicate work.",
      "sizes_available": ["S", "M", "L", "XL"],
      "color_options": ["White", "Cream"],
      "material": "Cotton",
      "estimated_delivery": "5-10 days",
      "in_stock": true,
      "category": "Fashion",
      "sub_category": "Clothing",
      "cost_inr": 1000
    },
    {
      "platform": "Meesho",
      "product_name": "Espadrille Flats",
      "brand_name": "Meesho Trendy",
      "model_number": "MEE-330",
      "description": "Stylish espadrille flats for casual wear.",
      "sizes_available": ["6", "7", "8", "9"],
      "color_options": ["Beige", "Black"],
      "material": "Canvas & Jute",
      "estimated_delivery": "6-12 days",
      "in_stock": true,
      "category": "Fashion",
      "sub_category": "Footwear",
      "cost_inr": 600
    },
    {
      "platform": "Meesho",
      "product_name": "Silk Nightgown",
      "brand_name": "Meesho Luxe",
      "model_number": "MEE-431",
      "description": "Luxurious silk nightgown for comfort.",
      "sizes_available": ["S", "M", "L", "XL"],
      "color_options": ["Black", "Red"],
      "material": "Silk",
      "estimated_delivery": "5-11 days",
      "in_stock": true,
      "category": "Fashion",
      "sub_category": "Clothing",
      "cost_inr": 1400
    },
    {
      "platform": "Meesho",
      "product_name": "Athleisure Shoes",
      "brand_name": "Meesho Active",
      "model_number": "MEE-532",
      "description": "Versatile shoes for workouts and casual wear.",
      "sizes_available": ["6", "7", "8", "9"],
      "color_options": ["Grey", "Blue"],
      "material": "Mesh & Rubber",
      "estimated_delivery": "6-12 days",
      "in_stock": false,
      "category": "Fashion",
      "sub_category": "Footwear",
      "cost_inr": 650
    },
    {
      "platform": "Meesho",
      "product_name": "Lace Top",
      "brand_name": "Meesho Casual",
      "model_number": "MEE-633",
      "description": "Elegant lace top for a chic look.",
      "sizes_available": ["S", "M", "L", "XL"],
      "color_options": ["White", "Black"],
      "material": "Lace & Cotton",
      "estimated_delivery": "5-10 days",
      "in_stock": true,
      "category": "Fashion",
      "sub_category": "Clothing",
      "cost_inr": 800
    },
    {
      "platform": "Meesho",
      "product_name": "Ankle Boots",
      "brand_name": "Meesho Style",
      "model_number": "MEE-734",
      "description": "Stylish ankle boots for winter wear.",
      "sizes_available": ["6", "7", "8", "9"],
      "color_options": ["Black", "Brown"],
      "material": "PU Leather",
      "estimated_delivery": "6-12 days",
      "in_stock": true,
      "category": "Fashion",
      "sub_category": "Footwear",
      "cost_inr": 900
    },
    {
      "platform": "Meesho",
      "product_name": "Organza Saree",
      "brand_name": "Meesho Festive",
      "model_number": "MEE-835",
      "description": "Light organza saree with a glossy finish.",
      "sizes_available": ["Free Size"],
      "color_options": ["Silver", "Gold"],
      "material": "Organza",
      "estimated_delivery": "5-11 days",
      "in_stock": true,
      "category": "Fashion",
      "sub_category": "Clothing",
      "cost_inr": 1600
    },
    {
      "platform": "Meesho",
      "product_name": "Platform Heels",
      "brand_name": "Meesho Trendy",
      "model_number": "MEE-936",
      "description": "Bold platform heels for party wear.",
      "sizes_available": ["6", "7", "8", "9"],
      "color_options": ["Black", "Red"],
      "material": "PU Leather",
      "estimated_delivery": "6-12 days",
      "in_stock": false,
      "category": "Fashion",
      "sub_category": "Footwear",
      "cost_inr": 750
    },
    {
      "platform": "Meesho",
      "product_name": "Cotton Skirt",
      "brand_name": "Meesho Casual",
      "model_number": "MEE-037",
      "description": "Comfortable cotton skirt for daily wear.",
      "sizes_available": ["S", "M", "L", "XL"],
      "color_options": ["Blue", "Green"],
      "material": "Cotton",
      "estimated_delivery": "5-10 days",
      "in_stock": true,
      "category": "Fashion",
      "sub_category": "Clothing",
      "cost_inr": 700
    },
    {
      "platform": "Meesho",
      "product_name": "Moccasin Shoes",
      "brand_name": "Meesho Comfort",
      "model_number": "MEE-138",
      "description": "Soft moccasin shoes for casual use.",
      "sizes_available": ["6", "7", "8", "9"],
      "color_options": ["Tan", "Black"],
      "material": "Suede & Rubber",
      "estimated_delivery": "6-12 days",
      "in_stock": true,
      "category": "Fashion",
      "sub_category": "Footwear",
      "cost_inr": 600
    },
    {
      "platform": "Meesho",
      "product_name": "Silk Dupatta",
      "brand_name": "Meesho Ethnic",
      "model_number": "MEE-239",
      "description": "Elegant silk dupatta with zari work.",
      "sizes_available": ["Free Size"],
      "color_options": ["Red", "Green"],
      "material": "Silk",
      "estimated_delivery": "5-11 days",
      "in_stock": true,
      "category": "Fashion",
      "sub_category": "Clothing",
      "cost_inr": 1200
    },
    {
      "platform": "Meesho",
      "product_name": "High-Top Sneakers",
      "brand_name": "Meesho Trendy",
      "model_number": "MEE-340",
      "description": "Stylish high-top sneakers for a bold look.",
      "sizes_available": ["6", "7", "8", "9"],
      "color_options": ["Black", "White"],
      "material": "Canvas & Rubber",
      "estimated_delivery": "6-12 days",
      "in_stock": true,
      "category": "Fashion",
      "sub_category": "Footwear",
      "cost_inr": 700
    }
  ]
}